{"mock:60e4d6affd2352b0bb26f7e8ff99079e": {"key": "mock:60e4d6affd2352b0bb26f7e8ff99079e", "created_time": 1743592492.835684, "last_access_time": 1743592492.835684, "access_count": 0, "expire_time": 1743678892.835677}}